{"cameraMode":{"drawMode":0,"name":"Shaded","section":"Shading Mode"},"sceneLighting":true,"audioPlay":false,"sceneViewState":{"showFog":true,"showMaterialUpdate":false,"showSkybox":true,"showFlares":true,"showImageEffects":true,"showParticleSystems":true},"in2DMode":false,"pivot":{"x":0.4407501220703125,"y":-3.5795135498046877,"z":-30.880096435546876},"rotation":{"x":0.27859213948249819,"y":0.35470426082611086,"z":-0.11159524321556092,"w":0.8855050802230835},"size":35.831153869628909,"orthographic":false}